title,link,price
1997 Toyota Camry,https://atlanta.craigslist.org/atl/cto/d/covington-1997-toyota-camry/6935775828.html,$3000
2007 TOYOTA SIENNA CE,https://atlanta.craigslist.org/sat/cto/d/fairburn-2007-toyota-sienna-ce/6935772082.html,$3500
Disability2008 Nissan Pathfinder SE,https://atlanta.craigslist.org/atl/cto/d/atlanta-disability2008-nissan/6935771006.html,$1400
EXCELLENT SKOOLIE BUSES WIDE SELECTION AVAILABLE WITH 0% FINANCE CALL!,https://atlanta.craigslist.org/nat/cto/d/ellijay-excellent-skoolie-buses-wide/6935764647.html,$6950
2007 escalade luxury 135 miles clean tittle carfax available,https://atlanta.craigslist.org/eat/cto/d/conyers-2007-escalade-luxury-135-miles/6935758350.html,$9000
***2013 Mercedes-Benz S550 Designo AMG***,https://atlanta.craigslist.org/nat/cto/d/alpharetta-2013-mercedes-benz-s550/6935754961.html,$17900
2018 Hyundai Elantra Sedan,https://atlanta.craigslist.org/atl/cto/d/buchanan-2018-hyundai-elantra-sedan/6935753724.html,$14800
2012 Nissan Sentra,https://atlanta.craigslist.org/atl/cto/d/atlanta-2012-nissan-sentra/6935749848.html,$5100
2001 Toyota Tacoma,https://atlanta.craigslist.org/atl/cto/d/carrollton-2001-toyota-tacoma/6935749631.html,$5800
***2003 Mercedes-Benz SL500 AMG***,https://atlanta.craigslist.org/nat/cto/d/cumming-2003-mercedes-benz-sl500-amg/6935746112.html,$9050
2007 Toyota Camry XLE clean,https://atlanta.craigslist.org/atl/cto/d/atlanta-2007-toyota-camry-xle-clean/6935743647.html,$1200
2014 chevrolet silverado 1500,https://atlanta.craigslist.org/atl/cto/d/atlanta-2014-chevrolet-silverado-1500/6935740079.html,$18900
Acura TL 4 door Sedan with 3.2 Liter J32 VTEC (CLEAN TITLE),https://atlanta.craigslist.org/nat/cto/d/atlanta-acura-tl-4-door-sedan-with-32/6935730258.html,$4200
1988 GMC Sierra SLE,https://atlanta.craigslist.org/eat/cto/d/lithonia-1988-gmc-sierra-sle/6935729886.html,$1050
2012 HYUNDAI SANTA FE ALL WHELL DRIVE GREAT,https://atlanta.craigslist.org/atl/cto/d/lithonia-2012-hyundai-santa-fe-all/6935721647.html,$2000
2004 FORD RANGER EDGE SUPERCAB,https://atlanta.craigslist.org/atl/cto/d/gainesville-2004-ford-ranger-edge/6935717998.html,$4895
2005 Toyota Highlander,https://atlanta.craigslist.org/atl/cto/d/atlanta-2005-toyota-highlander/6935716702.html,$4500
Ford exsplorer sport,https://atlanta.craigslist.org/sat/cto/d/warner-robins-ford-exsplorer-sport/6935713861.html,$3250
2008 Mazda 3 Sedan,https://atlanta.craigslist.org/nat/cto/d/canton-2008-mazda-3-sedan/6935712186.html,$3500
V W 1991 VOLKSWAGEN CARIOLET CONVERTABLE,https://atlanta.craigslist.org/atl/cto/d/warner-robins-w-1991-volkswagen/6935710779.html,$1500
2007 jeep compass sport,https://atlanta.craigslist.org/atl/cto/d/decatur-2007-jeep-compass-sport/6935710596.html,$3900
1994 Chevy 1500,https://atlanta.craigslist.org/sat/cto/d/stone-mountain-1994-chevy-1500/6935710553.html,$1000
Nice 2005 Mazda Tribute,https://atlanta.craigslist.org/atl/cto/d/atlanta-nice-2005-mazda-tribute/6935709267.html,$2300
Acura CL Type-S  w/navigation  6spd,https://atlanta.craigslist.org/atl/cto/d/decatur-acura-cl-type-w-navigation-6spd/6935707568.html,$6950
Z71 Crew Cab 2005 GMC Sierra,https://atlanta.craigslist.org/atl/cto/d/ocoee-z71-crew-cab-2005-gmc-sierra/6935705941.html,$1400
Itâ€™s a vibe!,https://atlanta.craigslist.org/atl/cto/d/lawrenceville-its-vibe/6935705572.html,$3500
2000 Land Rover Discovery Series 2,https://atlanta.craigslist.org/atl/cto/d/atlanta-2000-land-rover-discovery/6935704515.html,$5000
2008 Jeep Liberty,https://atlanta.craigslist.org/sat/cto/d/fayetteville-2008-jeep-liberty/6935703862.html,$6000
2006 BMW 325 Xi,https://atlanta.craigslist.org/nat/cto/d/woodstock-2006-bmw-325-xi/6935700787.html,$3999
"2006 TOYOTA HIGHLANDER MUST SELL !! NEW  TIRES, RECENT OIL,BELTS,HOSES",https://atlanta.craigslist.org/atl/cto/d/gainesville-2006-toyota-highlander-must/6935695819.html,$3895
2000 Prowler,https://atlanta.craigslist.org/wat/cto/d/carrollton-2000-prowler/6935695693.html,$19750
2007 Honda Odyssey EX,https://atlanta.craigslist.org/atl/cto/d/roswell-2007-honda-odyssey-ex/6935695222.html,$4499
2018 GMC Sierra,https://atlanta.craigslist.org/nat/cto/d/jasper-2018-gmc-sierra/6935693090.html,$35000
2004 Hyundai Elantra,https://atlanta.craigslist.org/nat/cto/d/smyrna-2004-hyundai-elantra/6935688723.html,$950
1998 Jeep Cherokee XJ Limited Lifted,https://atlanta.craigslist.org/atl/cto/d/atlanta-1998-jeep-cherokee-xj-limited/6935688109.html,$5500
Nissan Pathfinder LE 2002 4WD,https://atlanta.craigslist.org/nat/cto/d/cumming-nissan-pathfinder-le-wd/6935687984.html,$3300
Jeep Cherokee,https://atlanta.craigslist.org/atl/cto/d/marietta-jeep-cherokee/6935687721.html,$2500
Genesis 2012,https://atlanta.craigslist.org/atl/cto/d/asheville-genesis-2012/6935687733.html,$11200
Chevrolet Silverado,https://atlanta.craigslist.org/atl/cto/d/alpharetta-chevrolet-silverado/6935686691.html,$9800
1970 Ford Maverick,https://atlanta.craigslist.org/atl/cto/d/stockbridge-1970-ford-maverick/6935686575.html,$9000
HONDA ACCORD EXCELLENT CONDIITION SEDAN 2011,https://atlanta.craigslist.org/atl/cto/d/snellville-honda-accord-excellent/6935686437.html,$1800
"FORD EXPLORER,,, SPORT TRAC,,, 2005",https://atlanta.craigslist.org/atl/cto/d/duluth-ford-explorer-sport-trac-2005/6935679437.html,$4700
2016 Dodge Challenger,https://atlanta.craigslist.org/sat/cto/d/stockbridge-2016-dodge-challenger/6935678022.html,$21000
2012 Jeep Wrangler,https://atlanta.craigslist.org/nat/cto/d/dawsonville-2012-jeep-wrangler/6935674743.html,$16400
2004 Nissan 350Z,https://atlanta.craigslist.org/nat/cto/d/marietta-2004-nissan-350z/6935672547.html,$6450
Jeep Wrangler unlimited rubicon 59000 miles,https://atlanta.craigslist.org/eat/cto/d/snellville-jeep-wrangler-unlimited/6935671777.html,$26500
toyota rav 2007,https://atlanta.craigslist.org/atl/cto/d/mcdonough-toyota-rav-2007/6935671123.html,$1500
2004 Chevrolet Colorado Z71,https://atlanta.craigslist.org/nat/cto/d/kennesaw-2004-chevrolet-colorado-z71/6935668807.html,$5950
2004 Ford Expedition,https://atlanta.craigslist.org/atl/cto/d/atlanta-2004-ford-expedition/6935668201.html,$800
2012 Mercedes GLK350 Loaded  2012 Mercedes GLK350 Loaded 12 GLK350,https://atlanta.craigslist.org/atl/cto/d/marietta-2012-mercedes-glk350-loaded/6935667417.html,$13499
2009 Nissan Altima 2.5s,https://atlanta.craigslist.org/atl/cto/d/douglasville-2009-nissan-altima-25s/6935666986.html,$4500
2005 Chevy  Trailblazer,https://atlanta.craigslist.org/nat/cto/d/marietta-2005-chevy-trailblazer/6935666903.html,$2150
2011 Hyundai Sonata GLS,https://atlanta.craigslist.org/atl/cto/d/lawrenceville-2011-hyundai-sonata-gls/6935662988.html,$5400
2003 Chevy Impala,https://atlanta.craigslist.org/atl/cto/d/fairburn-2003-chevy-impala/6935662833.html,$700
2000 F150 SuperCab 4-door,https://atlanta.craigslist.org/atl/cto/d/auburn-2000-f150-supercab-4-door/6935661953.html,$2599
2011 Buick LaCrosse,https://atlanta.craigslist.org/sat/cto/d/forsyth-2011-buick-lacrosse/6935660350.html,$9995
2014 Ford F-150 White Crew Cab 2WD Leather Wheels F150 Low Miles Clean,https://atlanta.craigslist.org/atl/cto/d/douglasville-2014-ford-150-white-crew/6935658218.html,$19800
Truck for sale,https://atlanta.craigslist.org/wat/cto/d/douglasville-truck-for-sale/6935657024.html,$6500
"2012 Jeep Wrangler Sport - ( Dudley, Ga. )",https://atlanta.craigslist.org/eat/cto/d/dudley-2012-jeep-wrangler-sport-dudley/6935655687.html,$16500
2002  FORD EXCURSION,https://atlanta.craigslist.org/atl/cto/d/2002-ford-excursion/6935654559.html,$1800
Toyota Tundra 2015 Limited Crewmax Backup Camera Navi RWD Leather,https://atlanta.craigslist.org/atl/cto/d/douglasville-toyota-tundra-2015-limited/6935653343.html,$29800
"2017 Ford Edge SEL, Excellent Condition, 43K miles, Well Equipped",https://atlanta.craigslist.org/nat/cto/d/cartersville-2017-ford-edge-sel/6935652457.html,$18400
Toyota Prius 2015 Grey Navigation Leather Backup Camera 25K Miles,https://atlanta.craigslist.org/atl/cto/d/douglasville-toyota-prius-2015-grey/6935649286.html,$14800
Nice F150 1 Owner Cold Air 2WD Reg Cab Short Bed V6 Automatic,https://atlanta.craigslist.org/nat/cto/d/baldwin-nice-f150-1-owner-cold-air-2wd/6935648540.html,$1950
2007 GMC SIERRA SLE,https://atlanta.craigslist.org/atl/cto/d/atlanta-2007-gmc-sierra-sle/6935648338.html,$12600
Clean 1998 durango,https://atlanta.craigslist.org/atl/cto/d/atlanta-clean-1998-durango/6935647102.html,$1600
Chevy Astro Van,https://atlanta.craigslist.org/atl/cto/d/tucker-chevy-astro-van/6935646782.html,$2000
"2008 Ford Edge Limited - 190k Miles, Super Clean, Zero Issues",https://atlanta.craigslist.org/atl/cto/d/atlanta-2008-ford-edge-limited-190k/6935646450.html,$4200
2001 Honda odyssey,https://atlanta.craigslist.org/atl/cto/d/norcross-2001-honda-odyssey/6935646229.html,$1800
2007 Honda Accord engine strong,https://atlanta.craigslist.org/atl/cto/d/stone-mountain-2007-honda-accord-engine/6935645524.html,$1000
95 f150 stick shift 4x4,https://atlanta.craigslist.org/nat/cto/d/woodstock-95-f150-stick-shift-4x4/6935644738.html,$2000
2009 Acura TL,https://atlanta.craigslist.org/eat/cto/d/snellville-2009-acura-tl/6935643072.html,$6900
2000 GMC,https://atlanta.craigslist.org/nat/cto/d/roswell-2000-gmc/6935642803.html,$1750
Dodge Dart Sxt,https://atlanta.craigslist.org/atl/cto/d/covington-dodge-dart-sxt/6935642058.html,$10000
2016 2500HD Silverado,https://atlanta.craigslist.org/atl/cto/d/douglasville-hd-silverado/6935641344.html,$36500
Ford Explorer Suv,https://atlanta.craigslist.org/atl/cto/d/atlanta-ford-explorer-suv/6935641164.html,$750
2005 Cadillac Escalade Leather Loaded DVD 3rd Row Pearl White,https://atlanta.craigslist.org/atl/cto/d/lawrenceville-2005-cadillac-escalade/6935640645.html,$4800
1987 Chevy Scottsdale 1 owner,https://atlanta.craigslist.org/atl/cto/d/cumming-1987-chevy-scottsdale-1-owner/6935640016.html,$5500
2012 HYUNDAI SANTA FE EXTRA CLEAN WHITE SUV MILES 62K ORIGINAL NICE,https://atlanta.craigslist.org/atl/cto/d/woodstock-2012-hyundai-santa-fe-extra/6935639624.html,$2000
2003 Nissan Xterra ***$4500***,https://atlanta.craigslist.org/nat/cto/d/gainesville-2003-nissan-xterra-4500/6935638488.html,$4500
2004 Toyota Tacoma 4X4 3.4L Double Cab,https://atlanta.craigslist.org/atl/cto/d/calhoun-2004-toyota-tacoma-4x4-34l/6935638301.html,$1800
2015 Nissan Altima SV 60k original miles runs & drives like new,https://atlanta.craigslist.org/atl/cto/d/morrow-2015-nissan-altima-sv-60k/6935637921.html,$6500
2006 Toyota Sienna LE,https://atlanta.craigslist.org/nat/cto/d/hiram-2006-toyota-sienna-le/6935635789.html,$3900
2011 Toyota Corolla LE FWD,https://atlanta.craigslist.org/nat/cto/d/dawsonville-2011-toyota-corolla-le-fwd/6935635214.html,$7500
2002 Lexus is300,https://atlanta.craigslist.org/nat/cto/d/buford-2002-lexus-is300/6935635142.html,$1500
2010,https://atlanta.craigslist.org/wat/cto/d/dallas-2010/6935634453.html,$5400
1998 Honda Civic DX,https://atlanta.craigslist.org/atl/cto/d/riverdale-1998-honda-civic-dx/6935634032.html,$1900
7 Series BMW V12 Security Car,https://atlanta.craigslist.org/sat/cto/d/newnan-7-series-bmw-v12-security-car/6935631806.html,$5000
2006 Jaguar S-type,https://atlanta.craigslist.org/atl/cto/d/carrollton-2006-jaguar-type/6935631445.html,$2000
Honda Accord 2015 Coupe EX-L Pearl White Automatic Low Miles Cam,https://atlanta.craigslist.org/atl/cto/d/douglasville-honda-accord-2015-coupe-ex/6935631427.html,$15800
1994 BMW 325i,https://atlanta.craigslist.org/nat/cto/d/gaylesville-1994-bmw-325i/6935631019.html,$1500
2012 CHEVROLET EQUINOX LTZ,https://atlanta.craigslist.org/atl/cto/d/flowery-branch-2012-chevrolet-equinox/6935630629.html,$7995
2008 Honda Civic,https://atlanta.craigslist.org/wat/cto/d/dallas-2008-honda-civic/6935630467.html,$4800
Ford F150 XLT  2014 Grey F-150 Super Cab 69K Miles RWD Backup Cam,https://atlanta.craigslist.org/atl/cto/d/douglasville-ford-f150-xlt-2014-grey/6935628214.html,$16800
2013 Kia Soul plus,https://atlanta.craigslist.org/nat/cto/d/kennesaw-2013-kia-soul-plus/6935627952.html,$3500
2008 Honda Civic,https://atlanta.craigslist.org/sat/cto/d/dallas-2008-honda-civic/6935625445.html,$3900
1981 Chevrolet Short Bed 77 K miles,https://atlanta.craigslist.org/nat/cto/d/clermont-1981-chevrolet-short-bed-77/6935623764.html,$1
Nice Acura TL For Sale By Owner,https://atlanta.craigslist.org/atl/cto/d/atlanta-nice-acura-tl-for-sale-by-owner/6935622326.html,$3000
2008 CHEVY  MALIBU CLASSIC,https://atlanta.craigslist.org/atl/cto/d/lawrenceville-2008-chevy-malibu-classic/6935621850.html,$3900
2007 Ford F150 Harley Davidson,https://atlanta.craigslist.org/wat/cto/d/powder-springs-2007-ford-f150-harley/6935621601.html,$10000
1984 Toyota pickup,https://atlanta.craigslist.org/atl/cto/d/covington-1984-toyota-pickup/6935620859.html,$2000
2005 Lincoln Navigator,https://atlanta.craigslist.org/atl/cto/d/powder-springs-2005-lincoln-navigator/6935620031.html,$3500
2005 BMW 330i (6-speed manual),https://atlanta.craigslist.org/atl/cto/d/dallas-2005-bmw-330i-6-speed-manual/6935616162.html,$5999
BMW 328I 2009,https://atlanta.craigslist.org/atl/cto/d/dacula-bmw-328i-2009/6935614793.html,$5000
2005 SCION XB,https://atlanta.craigslist.org/atl/cto/d/lawrenceville-2005-scion-xb/6935613205.html,$3900
2006 Chevrolet Suburban 1500 LT 4WD,https://atlanta.craigslist.org/atl/cto/d/atlanta-2006-chevrolet-suburban-1500-lt/6935611804.html,$6500
"2015 Honda Civic, Black Sedan, LX",https://atlanta.craigslist.org/atl/cto/d/atlanta-2015-honda-civic-black-sedan-lx/6935610900.html,$11800
2007 Honda Pilot EXL  Engine is knocking.,https://atlanta.craigslist.org/wat/cto/d/douglasville-2007-honda-pilot-exl/6935610535.html,$2400
2016 Tesla Model S 75D,https://atlanta.craigslist.org/nat/cto/d/marietta-2016-tesla-model-75d/6935610512.html,$43000
03 Ford Windstar van,https://atlanta.craigslist.org/sat/cto/d/gay-03-ford-windstar-van/6935610153.html,$999
2004 Mazda 3,https://atlanta.craigslist.org/nat/cto/d/marietta-2004-mazda-3/6935609000.html,$2300
2008 Nissan Altima SE,https://atlanta.craigslist.org/atl/cto/d/atlanta-2008-nissan-altima-se/6935608865.html,$1000
2007 pt cruiser,https://atlanta.craigslist.org/eat/cto/d/duluth-2007-pt-cruiser/6935608533.html,$400
Mercedes- 1988  300e,https://atlanta.craigslist.org/atl/cto/d/decatur-mercedes-e/6935608329.html,$2200
2001 CHEVROLET S10 XCAB,https://atlanta.craigslist.org/sat/cto/d/dalton-2001-chevrolet-s10-xcab/6935608177.html,$4200
Let's  Ride,https://atlanta.craigslist.org/atl/cto/d/decatur-lets-ride/6935606727.html,$1800
polaris razor 1000 4 seater,https://atlanta.craigslist.org/atl/cto/d/dawsonville-polaris-razor-seater/6935606282.html,$14000
Really 2010 Hyundai Santa Fe SE,https://atlanta.craigslist.org/atl/cto/d/atlanta-really-2010-hyundai-santa-fe-se/6935604904.html,$1400
2012 Honda Odyssey,https://atlanta.craigslist.org/atl/cto/d/atlanta-2012-honda-odyssey/6935604882.html,$11000
1993 Toyota MR2 Turbo,https://atlanta.craigslist.org/nat/cto/d/lilburn-1993-toyota-mr2-turbo/6935604360.html,$3000
